,Movie Name
0,Aan Milo Sajna
6,Abhinetri
14,Bachpan
28,Bombay Talkie
31,Chetna
43,Dharti
53,Geet
84,Ghar Ghar Ki Kahani
88,Himmat
99,Humjoli
105,Ishq Par Zor Nahin
112,Jawab
120,Jeevan Mrityu
126,Kati Patang
157,Khilona
177,Maa Aur Mamta
200,Man Ki Aankhen
202,Mere Humsafar
213,Pagla Kahin Ka
226,Pavitra Paapi
240,Prem Pujari
247,Rootha Na Karo
264,Sachaa Jhutha
304,Safar (film)
326,Sawan Bhadon
365,Suhana Safar
375,Tum Haseen Main Jawaan
382,Aap Aye Bahaar Ayee
399,Amar Prem
431,Anand
447,Andaz
457,Anubhav
468,Banphool
478,Bikhare Moti
487,Buddha Mil Gaya
492,Caravan
503,Chaahat
537,Chhoti Bahu
558,Do Boond Pani
564,Dushman
596,Ek Nari Ek Brahmachari
603,Ek Paheli
626,Elaan
643,Guddi
652,Haathi Mere Saathi
663,Hare Rama Hare Krishna
702,Hulchul
726,Jal Bin Machhli Nritya Bin Bijli
731,Kal Aaj Aur Kal
739,Kathputli
742,Lal Patthar
746,Main Sunder Hoon
779,Mehboob Ki Mehndi
788,Mere Apne
793,Parwana
803,Patanga
827,Pyar Ki Kahani
834,Sanjog
849,Sharmeelee
858,Shri Krishna Leela
864,Tere Mere Sapne
884,Uphaar
912,Aangan
917,Achanak
923,Anamika
955,Anhonee
962,Anokhi Ada
966,Avishkaar
981,Bada Kabutar
988,Banarasi Babu
995,Black Mail
1002,Chhalia
1010,Chhupa Rustam
1023,Daag: A Poem of Love
1037,Dharma
1050,Dhund
1113,Do Phool
1124,Duvidha
1126,Garam Hawa
1171,Gehri Chaal
1181,Hanste Zakhm
1200,Heera Panna
1204,Honeymoon
1208,Jaise Ko Taisa
1212,Joshila
1219,Jwar Bhata
1232,Kachche Dhaage
1243,Loafer
1249,Manchali
1250,Mera Desh Mera Dharam
1254,Naina
1259,Namak Haraam
1263,Saudagar
1286,Yaadon Ki Baaraat
1305,Zanjeer
1338,27 Down
1342,36 Ghante
1350,Aahat
1353,Aap Ki Kasam
1358,Ajanabee
1441,Ankur
1473,Badhti Ka Naam Dadhi
1475,Badi Maa
1486,Benaam
1493,Bidaai
1502,Call Girl
1515,Chor Machaye Shor
1526,Chowkidar
1559,Dost
1569,Dulhan
1577,Geeta Mera Naam
1585,Haath Ki Safai
1626,Hawas
1630,Humshakal
1694,Imtihaan
1712,International Crook
1720,Ishq Ishq Ishq
1728,Khotey Sikkay
1753,Kora Kagaz
1761,Kunwara Baap
1771,Majboor
1781,Manoranjan
1789,Mere Saath Chal
1796,Piya Ka Ghar
1808,Rajnigandha
1819,Roti
1824,Sagina
1825,Vachan
1836,Aaja Sanam
1842,Aakhri Daao
1845,Aakraman
1849,Aandhi
1855,Anari
1865,Chupke Chupke
1887,Deewaar
1913,Dharam Karam
1923,Do Jasoos
1929,Ek Mahal Ho Sapno Ka
1935,Faraar
1941,Geet Gaata Chal
1946,Jai Santoshi Maa
1962,Julie
1981,Kala Sona
1988,Khel Khel Mein
2031,Khushboo
2047,Mausam
2055,Mere Sajna
2063,Mili
2071,Nishant
2081,Ponga Pandit
2086,Prem Kahani
2093,Raftaar
2112,Rani Aur Lalpari
2123,Saazish
2131,Salaakhen
2136,Sankalp
2145,Sanyasi
2158,Sholay
2184,Toofan Aur Bijlee
2195,Umar Qaid
2196,Warrant
2200,Zakhmee
2203,Zameer
2212,Zinda Dil
2221,Adalat
2233,Bairaag
2251,Bundal Baaz
2294,Chalte Chalte
2304,Chitchor
2323,Deewaangee
2324,Dus Numbri
2331,Fakira
2339,Ginny Aur Johnny
2346,Hera Pheri
2347,Kadambari
2355,Kalicharan
2380,Khaan Dost
2387,Khalifa
2395,Laila Majnu
2420,Maha Chor
2456,Manthan
2477,Mehbooba
2493,Mrigayaa
2510,Nishaant
2520,Udhar Ka Sindur
2531,Zindagi
2542,Aadmi Sadak Ka
2551,Aafat
2556,Aaina
2573,Aap Ki Khatir
2581,Aashiq Hoon Baharon Ka
2597,Ab Kya Hoga
2604,Alaap
2615,Amar Akbar Anthony
2647,Anand Ashram
2658,Anurodh
2683,Apnapan
2692,Bhumika
2709,Chala Murari Hero Banne
2715,Chandi Sona
2721,Dharam Veer
2767,Dildaar
2773,Doosra Aadmi
2776,Dream Girl
2777,Dulhan Wahi Jo Piya Man Bhaaye
2793,Ek Hi Raasta
2810,Gharaonda
2834,Hum Kisi Se Kum Nahin
2848,Immaan Dharam
2852,Inkaar
2861,Jagriti
2876,Jay Vejay
2882,Kalabaaz
2891,Kasum Khoon Ki
2901,Khoon Pasina
2910,Kissa Kursi Ka
2911,Kitaab
2930,Kotwal Saab
2964,Meethi Meethi Baatein
2967,Mukti
2975,Paheli
2996,Palkon Ki Chhaon Mein
3036,Priyatama
3043,Safed Haathi
3070,Saheb Bahadur
3076,Shankar Hussain
3089,Tyaag
3130,Yaaron Ka Yaar
3138,Arvind Desai Ki Ajeeb Dastaan
3145,Azaad
3153,Badalte Rishtey
3184,Besharam
3192,Chor Ke Ghar Chor
3197,Damaad
3209,Des Pardes
3216,Don
3256,Gaman
3265,Ganga Ki Saugandh
3278,Ghar
3288,Karmayogi
3320,Kasme Vaade
3337,Khatta Meetha
3344,Khoon Ki Pukaar
3347,Main Tulsi Tere Aangan Ki
3365,Muqaddar Ka Sikander
3410,Satyam Shivam Sundaram
3425,Shalimar
3437,Tere Pyar Mein
3444,Trishna
3454,Trishul
3475,Tumhare Liye
3487,Aangan Ki Kali
3496,Aatish
3505,Amar Deep
3514,Baton Baton Mein
3528,Bhayaanak
3551,Bin Phere Hum Tere
3561,Cinema Cinema
3605,Do Ladke Dono Kadke
3606,Do Shikaari
3609,Gol Maal
3644,Hamare Tumhare
3650,Hum Tere Ashiq Hain
3656,Janata Havaldar
3659,Jhoota Kahin Ka
3669,Jurmana
3687,Khandan
3703,Lahu Ke Do Rang
3723,Lok Parlok
3729,Mata Velankanni
3749,Manzil
3761,Meera
3774,Meri Biwi Ki Shaadi
3778,Mr. Natwarlal
3780,Naiyya
3787,Nauker
3800,Prem Bandhan
3810,Prem Vivah
3817,Raja Harishchandra
3820,Saanch Ko Aanch Nahin
3838,Sarkari Mehmaan
3847,Sawan Ko Aane Do
3863,Shaayad
3909,Shodh
3911,Solva Sawan
3923,Suhaag
3936,Surakshaa
3945,Aakrosh
3953,Aap Ke Deewane
3961,Aasha
3987,Abdullah
3999,Beqasoor
4001,Bombay 405 Miles
4008,Chakra
4025,Chambal Ki Kasam
4038,Do Aur Do Paanch
4049,Dostana
4059,Ek Baar Kaho
4068,Gehrayee
4091,Judaai
4103,Jyoti Bane Jwala
4112,Kali Ghata
4134,Karz
4164,Khubsoorat
4183,Khwab
4185,Lootmaar
4190,Mahashakti
4195,Man Pasand
4214,Neeyat
4237,Nishana
4246,Patita
4247,Qurbani
4282,Ram Balram
4306,Red Rose
4321,Saboot
4342,Shaan
4379,Sitara
4389,Takkar
4394,Taxi Chor
4395,The Burning Train
4483,The Naxalites
4484,Thodisi Bewafaii
4534,Unees-Bees
4535,36 Chowringhee Lane
4554,Chashme Buddoor
4573,Dhuaan
4584,Do Dil Diwane
4592,Ek Duuje Ke Liye
4610,Ek Hi Bhool
4622,Fiffty Fiffty
4630,Ghamandee
4631,Ghungroo Ki Awaaz
4639,Hum Se Badkar Kaun
4650,Jeene Ki Arzoo
4651,Jyoti
4660,Kaalia
4683,Kahani Ek Chor Ki
4696,Kalyug
4708,Khoon Aur Paani
4715,Khoon Ka Rishta
4722,Kudrat
4758,Laparwah
4759,Love Story
4770,Mahabali Hanuman
4771,Main Aur Mera Haathi
4772,Meri Aawaz Suno
4780,Nakhuda
4787,Naram Garam
4810,Prem Geet
4812,Pyaasa Sawan
4822,Roohi
4828,Rocky
4838,Sadgati
4839,Sahhas
4840,Sameera
4841,Sannata
4848,Shaukeen
4852,Silsila
4875,Umrao Jaan
4886,Ustadi Ustad Se
4887,Waqt Ki Deewar
4898,Yaraana
4918,Zamaane Ko Dikhana Hai
4928,Aamne Samne
4933,Afsana Do Dilon Ka
4939,Anokha Bandhan
4945,Aparoopa
4952,Apna Bana Lo
4963,Badle Ki Aag
4978,Bemisal
4995,Bezubaan
5005,Bheegi Palkein
5048,Chorni
5076,Dard Ka Rishta
5093,Deedar-E-Yaar
5113,Dharam Kanta
5123,Dil Hi Dil Mein
5179,Dil-E-Nadaan
5204,Disco Dancer
5209,Farz Aur Kanoon
5233,Haathkadi
5261,Hamari Bahu Alka
5269,Insaan
5282,Jeeo Aur Jeene Do
5308,Jeevan Dhaara
5319,Khud-daar
5335,Lakshmi
5350,Log Kya Kahenge
5355,Main Intequam Loonga
5369,Mehndi Rang Layegi
5376,Nadiya Ke Paar
5396,Namak Halaal
5414,Namkeen
5432,Prem Rog
5441,Raaste Pyar Ke
5452,Rajput
5507,Saath Saath
5518,Samraat
5529,Sanam Teri Kasam
5534,Satte Pe Satta
5544,Sawaal
5549,Shakti
5624,Shriman Shrimati
5628,Sitam
5632,Star
5640,Sun Sajna
5689,Swami Dada
5693,Taqdeer Ka Badshah
5694,Teesri Aankh
5715,Umbartha
5734,Vijeta
5745,Yeh Nazdeekiyan
5753,Yeh To Kamaal Ho Gaya
5762,Yeh Vaada Raha
5824,Aao Pyaar Karen
5836,Andha Kanoon
5846,Ardh Satya
5893,Arpan
5916,Avtaar
5961,Bade Dil Wala
5973,Bandhan Kuchchey Dhaagon Ka
5978,Chatpati
5979,Chor Police
5983,Ek Baar Chale Aao
5992,Fareb
6000,Gehri Chot: Urf - Door-Desh
6020,Hero
6036,Himmatwala
6049,Hum Se Hai Zamana
6057,Jaani Dost
6082,Jaanwar
6123,Jeet Hamaari
6129,Justice Chaudhury
6146,Katha
6162,Lovers
6164,Masoom
6175,Mawaali
6185,Mazdoor
6191,Mujhe Insaaf Chahiye
6201,Nastik
6215,Naukar Biwi Ka
6231,Pasand Apni Apni
6236,Prem Tapasya
6253,Romance
6262,Sadma
6276,Souten
6282,Taqdeer
6283,Woh Jo Hasina
6284,Zara Si Zindagi
6321,Aakhri Sangram
6328,Abodh
6348,Anand Aur Anand
6356,Asha Jyoti
6381,Awaaz
6398,Bhavna
6416,Bhemaa
6417,Bindiya Chamkegi
6423,Boxer
6424,Duniya
6438,Ek Nai Paheli
6440,Gangvaa
6449,Haisiyat
6453,Hanste Khelte
6455,Hip Hip Hurray
6457,Holi
6464,Inquilaab
6472,Jaag Utha Insan
6489,Jagir
6490,Jawaani
6491,John Jani Janardhan
6493,Kamla
6496,Kasam Paida Karne Wale Ki
6506,Khandhar
6511,Lakhon Ki Baat
6515,Lorie
6520,Maqsad
6531,Mashaal
6567,Maya Bazaar
6601,Meri Adalat
6605,Paar
6612,Preet Na Jane Reet
6682,Purana Mandir
6728,Pyasa Shaitan
6730,Qaidi
6736,Raaj Tilak
6737,Rakta Bandhan
6741,Saaransh
6783,Shapath
6786,Sharaabi
6793,Sohni Mahiwal
6801,Sunny
6812,Tarkeeb
6815,Teri Bahon Mein
6823,Tohfa
6840,Utsav
6841,Wanted: Dead or Alive
6845,Yeh Desh
6851,Zakhmi Sher
6863,Aaj Ka Dada
6873,Aandhi-Toofan
6876,Aar Paar (1985 film)
6877,Adventures of Tarzan
6889,Aitbaar
6900,Alag Alag
6931,Ameer Aadmi Gharib Aadmi
6932,Arjun
6966,Awara Baap
7022,Baadal
7023,Babu
7034,Bhago Bhut Aaya
7049,Bond 303
7050,Damul
7053,Dekha Pyar Tumhara
7057,Ek Se Bhale Do
7064,Faasle
7068,Geraftaar
7174,Ghar Dwaar
7175,Ghulami
7204,Haqeeqat
7212,Hoshiyar
7221,Hum Dono
7223,Hum Naujawan
7228,Jhoothi
7231,Karm Yudh
7232,Khamosh
7256,Lava
7257,Maa Kasam
7258,Mard
7329,Masterji
7341,Mera Saathi
7346,Meri Jung
7418,Mirch Masala
7468,Mohabbat
7473,Nasoor
7484,Pataal Bhairavi
7489,Pyari Behna
7490,Ram Teri Ganga Maili
7501,Rehguzar
7512,Saagar
7517,Sarfarosh
7520,Teri Meherbaniyan
7541,Uttarayan
7549,Zabardast
7558,Aag Aur Shola
7574,Aap Ke Saath
7581,Aisa Pyaar Kahan
7598,Angaaray
7615,Asli Naqli
7622,Avinash
7623,Baat Ban Jaye
7626,Bhagwaan Dada
7706,Chameli Ki Shaadi
7740,Dahleez
7747,Dharm Adhikari
7771,Dilwaala
7772,Dosti Dushmani
7790,Aag Hi Aag
7805,Andha Yudh
7811,Apne Apne
7824,Aulad
7835,Awam (film)
7848,Dak Bangla
7899,Daku Hasina
7905,Deewana Tere Naam Ka
7906,Himmat Aur Mehanat
7910,Hiraasat
7911,Hukumat
7924,Ijaazat
7959,Imaandaar
7969,Inaam Dus Hazaar
7998,Insaf Ki Pukar
8007,Jaan Hatheli Pe
8020,Jalwa
8030,Jhanjhaar
8037,Kamagni
8038,Kaash
8051,Kalyug Aur Ramayan
8056,Khudgarz
8085,Madadgaar
8092,Majaal
8098,Marte Dam Tak
8103,Mohre
8109,Mr. India
8144,Naam O Nishan
8157,Nazrana
8185,Param Dharam
8186,Parivaar
8187,Pyaar Ki Jeet
8204,Satyamev Jayate
8211,Sindoor
8287,Sutradhar
8296,Uttar Dakshin
8309,Watan Ke Rakhwale
8310,Biwi Ho To Aisi
8313,Kabzaa
8334,Kanoon Apna Apna
8345,Qayamat Se Qayamat Tak
8385,Ram-Avtar
8393,Salaam Bombay!
8420,Tezaab
8464,Zakhmi Aurat
8465,Aakhri Adaalat
8472,Agnee
8473,Bees Saal Baad
8485,Charnon Ki Saugandh
8486,Commando
8490,Daisy
8504,Dayavan
8517,Ek Naya Rishta
8522,Gangaa Jamunaa Saraswathi
8540,Gharwali Baharwali
8555,Hum Farishte Nahin
8556,Insaaf Ki Jung
8557,Jeete Hain Shaan Se
8564,Kanwarlal
8574,Maalamaal
8579,Main Zinda Hoon
8584,Mar Mitenge
8585,Mulzim
8594,Paap Ko Jalaa Kar Raakh Kar Doonga
8601,Rihaee
8627,Rukhsat
8630,Sone Pe Suhaaga
8634,Tamacha
8638,Veerana
8747,Waaris
8753,Waqt Ki Awaz
8758,Woh Phir Aayegi
8759,Yateem
8769,Asmaan Se Ooncha
8783,Bade Ghar Ki Beti
8791,Bahurani
8811,Batwara
8864,Chandni
8897,Daata
8905,Dana Paani
8906,Dav Pech
8918,Hisaab Khoon Ka
8919,Hum Intezaar Karenge
8920,Jaisi Karni Waisi Bharni
8932,Joshilaay
8942,Ladaai
8943,Ladki
8954,Lal dupatta malmal ka
8955,Main Azaad Hoon
8981,Main Tera Dushman
8987,Maine Pyar Kiya
9014,Parinda
9037,Prem Pratigyaa
9046,Purani Haveli
9069,Raakh
9101,Ram Lakhan
9120,Shanakht
9131,Sikka
9143,Toofan
9192,Aag Ka Gola
9204,Aaj Ka Arjun
9213,Aaj Ke Shahenshah
9230,Aandhiyan
9234,Aashiqui
9243,Agneekaal
9251,Agneepath
9271,Appu Raja
9309,Awwal Number
9314,Baaghi: A Rebel for Love
9340,Bandh Darwaza
9429,C.I.D.
9436,Dil
9471,Deewana Mujh Sa Nahin
9478,Doodh Ka Karz
9480,Drishti
9490,Ghar Ho To Aisa
9550,Ghayal
9576,Gunahon Ka Devta
9581,Hatim Tai
9588,Hum Se Na Takrana
9590,Jai Shiv Shankar
9600,Jamai Raja
9610,Jeene Do
9620,Jeevan Ek Sanghursh
9631,Kishen Kanhaiya
9653,Pratibandh
9658,Pyar Ka Karz
9659,Pyar Ke Naam Qurbaan
9660,Sailaab
9670,Shaitani Ilaaka
9746,Sheahnaag
9757,Shiva
9789,Swarg
9808,Tadap
9809,Taqdeer Ka Tamasha
9814,Thanedaar
9821,Thodasa Roomani Ho Jaayen
9827,Tum Mere Ho
9835,Veeru Dada
9842,Zahreelay
9847,100 Days
9915,Aadmi Aur Apsara
9956,Aakhri Cheekh
9959,Afsana Pyaar Ka
9965,Ajooba
9990,Begunaah
10027,Bhabhi
10035,Dharam Sankat
10044,Diksha
10052,Dil Hai Ke Manta Nahin
10069,Dushman Devta
10077,Ek Doctor Ki Maut
10088,Ek Ghar
10094,Farishtay
10099,Fateh
10107,First Love Letter
10125,Haque
10133,Henna
10150,Hum
10176,Indrajeet
10179,Insaaf Ka Khoon
10181,Khoon Ka Karz
10188,Lamhe
10234,Love
10241,Mississippi Masala
10259,Narsimha
10292,Numbri Aadmi
10294,Patthar Ke Phool
10331,Pratigyabadh
10332,Pratikar
10341,Prem Qaidi
10348,Pyaar Ka Saaya
10358,Ranbhoomi
10362,Rupaye Dus Karod
10405,Saajan
10418,Saathi
10434,Sadak
10463,Sapnon Ka Mandir
10468,Sau Crore
10471,Saugandh
10485,Shikari: The Hunter
10488,Shiv Ram
10489,Swarg Yahan Narak Yahan
10492,Thalapathi
10542,Trinetra
10554,Veerta
10577,Aaj Ka Goonda Raaj
10594,Baaz
10608,Balwaan
10621,Bekhudi
10629,Beta
10657,Bewaffa Se Waffa
10662,Bol Radha Bol
10721,Chamatkar
10770,Current
10771,Deedar
10776,Deewana
10802,Devi Aur Durga
10806,Dharavi
10809,Dil Hi To Hai
10815,Dil Ka Kya Kasoor
10831,Drohi
10838,Ek Ladka Ek Ladki
10859,Ghar Jamai
10861,Ghazab Tamasha
10863,I Love You
10866,Insaaf Ki Devi
10873,Isi Ka Naam Zindagi
10881,Jaagruti
10888,Jaan Se Pyaara
10897,Jaanam
10906,Jai Kaali
10916,Jo Jeeta Wohi Sikandar
10954,Junoon
11016,Kal Ki Awaz
11023,Kasak
11026,Khiladi
11092,Khuda Gawah
11113,Mere Sajana Saath Nibhana
11116,Muskurahat
11117,Nishchaiy
11137,Parampara
11173,Parasmani
11192,Parda Hai Parda
11236,Pyar Hua Chori Chori
11241,Raat
11271,Raju Ban Gaya Gentleman
11287,Ramayana: The Legend of Prince Rama
11389,Rishta To Ho Aisa
11401,Roja
11433,Sanam Tere Hain Hum
11455,Sapne Sajan Ke
11461,Shola Aur Shabnam
11465,Tahalka
11505,Tirangaa
11526,Tyagi
11537,Umar 55 Ki Dil Bachpan Ka
11542,Virodhi
11545,Yaad Rakhegi Duniya
11554,Yeh Raat Phir Na Aayegi
11556,Zulm Ki Hukumat
11564,Aadmi
11573,Aadmi Khilona Hai
11593,Aashiq Awara
11602,Aasoo Bane Angaarey
11641,Baazigar
11702,Badi Bahen
11714,Bhookamp
11724,Chahoonga Main Tujhe
11725,Chandra Mukhi
11726,Chooriyan
11728,Chor Aur Chaand
11741,Darr
11764,Dil Ki Baazi
11780,Divya Shakti
11783,Geetanjali
11796,Gurudev
11801,Hasti
11814,Hum Hain Kamaal Ke
11819,Hum Hain Rahi Pyar Ke
11851,Insaniyat Ke Devta
11862,Jeevan Ki Shatranj
11863,Khal-Naaikaa
11870,Khalnayak
11894,Kohraa
11902,Krishan Avtaar
11912,Kshatriya
11941,Lootere
11945,Papeeha
11956,Pehchaan
11966,Phir Teri Kahani Yaad Aayee
11976,Phool
12000,Platform
12036,Prateeksha
12044,Rang
12126,Rudaali
12144,Sainik
12152,Santaan
12153,Sardar
12162,Shatranj
12176,Sir
12187,Tahqiqaat
12198,Mahakaal
12206,Zakhmo Ka Hisaab
12216,Hum Aapke Hain Koun..!
12247,Mohra
12282,Krantiveer
12299,Raja Babu
12313,Main Khiladi Tu Anari
12328,Aatish: Feel the Fire
12335,Dilwale
12386,Vijaypath
12395,Dilwale Dulhania Le Jayenge
12436,Karan Arjun
12484,Barsaat
12498,Rangeela
12512,Coolie No. 1
12517,Sabse Bada Khiladi
12554,Trimurti
12576,Akele Hum Akele Tum
12596,Aatank
12605,Agni Sakshi
12645,Army
12652,Aur Ek Prem Kahani
12668,Bambai Ka Babu
12708,Bhishma
12715,Diljale
12779,Dushman Duniya Ka
12799,Ek Anari Do Khiladi
12827,English Babu Desi Mem
12857,Fire
12891,Ghatak
12912,Hahakaar
12917,Halo
12928,Is Raat Ki Subah Nahin
12934,Jung
12936,Khamoshi: The Musical
12955,Khiladiyon Ka Khiladi
12968,Krishna
13012,Maachis
13065,Mafia
13071,Majhdhaar
13087,Mr. Bechara
13109,Muqaddar
13129,Papa Kehte Hai
13140,Raja Hindustani
13164,Raja Ki Aayegi Baraat
13195,Rajkumar
13202,Rakshak
13214,Ram Aur Shyam
13246,Rangbaaz
13247,Return of Jewel Thief
13251,Saajan Chale Sasural
13258,Sanshodhan
13269,Sapoot
13274,Sardari Begum
13280,Shastra
13291,The Square Circle
13309,Tu Chor Main Sipahi
13313,Aastha: In the Prison of Spring
13319,Aflatoon
13334,Agnichakra
13382,Aur Pyaar Ho Gaya
13404,Bhai
13429,Chachi 420
13491,Chupp
13502,Daava
13510,Daud
13513,Deewana Mastana
13533,Dil To Pagal Hai
13561,Dhaal
13566,Do Ankhen Barah Hath
13571,Dus
13574,Ghulam-E-Mustafa
13599,Gudia
13601,Gudgudee
13607,Gundagardi
13619,Gupt: The Hidden Truth
13673,Himalay Putra
13688,Ishq
13723,Jeevan Yudh
13736,Jodidar
13737,Judge Mujrim
13755,Judwaa
13780,Koyla
13810,Krantikari
13813,Mahaanta
13823,Mrityudata
13866,Pardes
13940,Qahar
13944,Saat Rang Ke Sapne
13950,Sanam
13957,Sapnay
13982,Shapath (1997 film)
13985,Suraj
13986,Taraazu
13987,Yes Boss
14000,Ziddi
14035,2001: Do Hazaar Ek
14044,Aunty No. 1
14049,Bade Miyan Chote Miyan
14071,Bandhan
14118,China Gate
14137,Devta
14138,Dhoondte Reh Jaaoge
14159,Dil Se..
14196,Do Numbri
14197,Doli Saja Ke Rakhna
14203,Dulhe Raja
14236,Duplicate
14244,Ganga Ki Kasam
14246,Ghulam
14325,Gunda
14375,Hazaar Chaurasi Ki Maa
14382,Hero Hindustani
14394,Hitler
14425,Humse Badhkar Kaun
14433,Hyderabad Blues
14437,Kabhi Na Kabhi
14446,Kareeb
14481,Kuch Kuch Hota Hai
14516,Major Saab
14522,Military Raaj
14527,Pardesi Babu
14538,Pyaar To Hona Hi Tha
14569,Satya
14606,Soldier
14645,Train to Pakistan
14654,Ustadon Ke Ustad
14655,Vinashak - Destroyer
14705,Wajood
14724,Yugpurush
14733,Zor
14757,Aa Ab Laut Chalen
14844,Aarzoo
14877,Anari No.1
14886,Baadshah
14987,Bade Dilwala
14993,Biwi No.1
15007,Dahek
15022,Dil Kya Kare
15043,Gair
15044,Haseena Maan Jaayegi
15061,Hello Brother
15088,Hote Hote Pyar Ho Gaya
15105,Hum Aapke Dil Mein Rehte Hain
15141,Hum Dil De Chuke Sanam
15169,Hum Saath-Saath Hain: We Stand United
15238,Hum Tum Pe Marte Hain
15248,International Khiladi
15257,Jaanam Samjha Karo
15302,Jahan Tum Le Chalo
15311,Kaala Samrajya
15319,Kartoos
15324,Kaun
15346,Khoobsurat
15364,Kohram
15370,Lal Baadshah
15379,Mann
15398,Mother
15404,Phir Kabhi
15405,Phool Aur Aag
15406,Pyaar Koi Khel Nahin
15420,Pyaar Mein Kabhi Kabhi
15434,Samar
15440,Sanyasi Mera Naam
15441,Sautela
15442,Shera
15453,Shool
15516,Sirf Tum
15525,Sooryavansham
15591,Thakshak
15604,Trishakti
15613,Yeh Hai Mumbai Meri Jaan
15625,Zulmi
15633,Aaghaaz
15654,Aaj Ka Ravan
15656,Astitva
15701,Baaghi
15709,Badal
15716,Bawandar
15748,Beti No.1
15768,Billa No. 786
15772,Chal Mere Bhai
15784,Cover Story
15791,Deewane
15816,Dhaai Akshar Prem Ke
15853,Dil Pe Mat Le Yaar
15862,Dulhan Hum Le Jayenge
15876,Fiza
15890,Gaja Gamini
15903,Hamara Dil Aapke Paas Hai
15917,Har Dil Jo Pyar Karega
15926,Hari-Bhari
15933,Hey Ram
16004,Hum To Mohabbat Karega
16048,Jis Desh Mein Ganga Rehta Hain
16059,Josh
16076,Jungle
16092,Kaho Naa... Pyaar Hai
16144,Karobaar: The Business of Love
16151,Khauff
16155,Khiladi 420
16196,Krodh
16202,Kunwara
16207,Kurukshetra
16223,Kya Kehna
16251,Mohabbatein
16279,Phir Bhi Dil Hai Hindustani
16317,The Prince of Light
16419,Raju Chacha
16452,Saanjh
16453,Shikari
16489,Tarkieb
16503,Tera Jadoo Chal Gayaa
16512,Abhay
16554,Aamdani Atthani Kharcha Rupaiyaa
16563,Aashiq
16599,Ajnabee
16629,Asoka
16677,Bengal Tiger
16678,Censor
16683,Chori Chori Chupke Chupke
16709,Daman: A Victim of Marital Violence
16727,Dattak
16735,Deewaanapan
16747,Dil Chahta Hai
16779,Ehsaas: The Feeling
16784,Gadar: Ek Prem Katha
16848,Hum Ho Gaye Aapke
16856,Indian
16865,Ittefaq
16867,Jodi No.1
16875,Kabhi Khushi Kabhie Gham
16902,Kasoor
16920,Kuch Khatti Kuch Meethi
16936,Kyo Kii Main Jhuth Nahin Bolta
16942,Lagaan: Once Upon a Time in India
16993,Lajja
17043,Love Ke Liye Kuchh Bhi Karega
17052,Maya
17065,Mujhe Kucch Kehna Hai
17086,Nayak: The Real Hero
17123,Pyaar Tune Kya Kiya
17154,Style
17159,Tera Mera Saath Rahen
17175,Tum Bin - Love Will Find a Way
17202,16-Dec
17219,23rd March 1931: Shaheed
17227,Aap Mujhe Achche Lagne Lage
17235,Agni Varsha
17257,Anita and Me
17260,Akhiyon Se Goli Maare
17267,Annarth
17296,Ansh: The Deadly Part
17304,Awara Paagal Deewana
17332,Badhaai Ho Badhaai
17337,Company
17366,Deewangee
17376,Dil Hai Tumhaara
17403,Dil Vil Pyar Vyar
17416,Ek Chotisi Love Story
17422,Encounter: The Killing
17424,Hathyar
17446,Hum Kisise Kum Nahin
17458,Hum Tumhare Hain Sanam
17495,Humraaz
17543,Ek Anokhi Kahani
17567,Jeena Sirf Merre Liye
17584,Kaante
17616,Kehtaa Hai Dil Baar Baar
17622,Kuch Tum Kaho Kuch Hum Kahein
17646,Kya Yehi Pyaar Hai
17662,Kyaa Dil Ne Kahaa
17669,The Legend of Bhagat Singh
17686,Maa Tujhhe Salaam
17706,Maine Dil Tujhko Diya
17738,Makdee
17757,Mere Yaar Ki Shaadi Hai
17777,Mitr My Friend
17812,Mujhse Dosti Karoge!
17844,Na Tum Jaano Na Hum
17868,Nishad
17875,Pyaasa
17881,Road
17899,Shararat
17906,Soch
17914,Sur: The Melody of Life
17926,Tumko Na Bhool Paayenge
17977,Tumse Achcha Kaun Hai
17993,Waah! Tera Kya Kehna
18000,Yeh Hai Jalwa
18054,Yeh Kya Ho Raha Hai?
18058,Yeh Mohabbat Hai
18065,3 Deewarein
18072,88 Antop Hill
18136,Aanch
18150,Aman Ke Farishtey
18153,Andaaz
18187,Armaan
18207,Baaz: A Bird in Danger
18245,Baghban
18276,Basti
18299,Bhoot
18339,Boom
18351,Calcutta Mail
18365,Chokher Bali
18381,Chori Chori
18388,Chota Jadugar
18397,Chura Liyaa Hai Tumne
18445,Darna Mana Hai
18448,Dil Ka Rishta
18479,Dil Pardesi Ho Gayaa
18486,Dum
18518,Ek Din 24 Ghante
18528,Footpath
18536,Fun 2shh: Dudes in the 10th Century
18544,Gangaajal
18572,Guru
18573,Haasil
18583,Hawa
18589,Hawayein
18599,The Hero: Love Story of a Spy
18629,Inteha
18634,Jajantaram Mamantaram
18635,Janasheen
18640,Jhankaar Beats
18656,Jism
18679,Jodi Kya Banayi Wah Wah Ramji
18680,Joggers Park
18729,Kagaar: Life on the Edge
18738,Kaise Kahoon Ke... Pyaar Hai
18765,Kal Ho Naa Ho
18789,Kash Aap Hamare Hote
18808,Khushi
18817,Khwahish
18826,Koi... Mil Gaya
18869,Kucch To Hai
18895,Kuch Naa Kaho
18914,LOC Kargil
18960,Main Madhuri Dixit Banna Chahti Hoon
18965,Main Prem Ki Diwani Hoon
18985,Matrubhoomi: A Nation Without Women
19005,Mumbai Matinee
19011,Munna Bhai M.B.B.S.
19044,Nayee Padosan
19053,Om
19085,Out of Control
19099,Pinjar
19127,The Pink Mirror
19132,Pran Jaye Par Shaan Na Jaye
19138,Qayamat: City Under Threat
19165,Raghu Romeo
19171,Saaya
19190,Samay: When Time Strikes
19222,Satta
19228,Sssshhh...
19316,Stumped
19322,Talaash: The Hunt Begins...
19349,Tere Naam
19372,Tujhe Meri Kasam
19416,Waisa Bhi Hota Hai Part II
19424,Where's the Party Yaar?
19432,Xcuse Me
19437,Zameen
19460,Aabra Ka Daabra
19464,Aan: Men at Work
19480,Ab Tumhare Hawale Watan Saathiyo
19491,Aitraaz
19524,Asambhav
19563,Chameli
19601,Dev
19631,Dhoom
19648,Dil Maange More
19673,Dil Ne Jise Apna Kahaa
19690,Dobara
19691,Flavours
19694,Garv: Pride and Honour
19702,Gayab
19741,Girlfriend
19753,Green Card Fever
19757,Hava Aney Dey
19793,Hum Tum
19819,Hyderabad Blues 2
19827,Ishq Hai Tumse
19838,Kaun Hai Jo Sapno Mein Aaya
19844,Khakee
19925,Khamosh Pani
19957,King of Bollywood
19960,Kismat
19968,Krishna Cottage
20004,Kyun...! Ho Gaya Na
20017,Lakeer - Forbidden Lines
20060,Lakshya
20099,Main Hoon Na
20138,Maqbool
20150,Masti
20169,Meri Biwi Ka Jawab Nahin
20201,Mughal-e-Azam
20220,Mujhse Shaadi Karogi
20268,Murder
20294,Musafir
20346,Nothing But Life
20349,Paap
20365,Paisa Vasool
20369,Plan
20398,Police Force: An Inside Story
20402,Popcorn Khao! Mast Ho Jao
20410,Raincoat
20423,Rakht: What If You Can See the Future
20442,Rok Sako To Rok Lo
20456,Rudraksh
20479,Shaadi Ka Laddoo
20488,Shart: The Challenge
20513,Shukriya
20527,Socha Na Tha
20538,Swades
20571,Taarzan: The Wonder Car
20600,Thoda Tum Badlo Thoda Hum
20609,Veer-Zaara
20646,Yeh Lamhe Judaai Ke
20656,Yuva
20683,712 Phere
20693,Aashiq Banaya Aapne
20708,Antarmahal
20717,Apaharan
20758,Black
20795,Black Friday
20815,Blackmail
20826,Bunty Aur Babli
20850,Chaahat  Ek Nasha
20866,Chand Sa Roshan Chehra
20881,Chocolate
20887,D
20901,Deewane Huye Paagal
20986,Dosti: Friends Forever
20997,Ek Ajnabee
21012,Ek Khiladi Ek Haseena
21021,Garam Masala
21044,Hanuman
21057,Hazaaron Khwaishein Aisi
21091,Home Delivery
21106,Insan
21128,Iqbal
21142,Jai Chiranjeeva
21148,James
21152,Jo Bole So Nihaal
21164,Jurm
21195,Kaal
21208,Karam
21219,Kisna: The Warrior Poet
21239,Koi Aap Sa
21252,Koi Mere Dil Mein Hai
21259,Kuchh Meetha Ho Jaye
21264,Kyaa Kool Hai Hum
21276,Kyon Ki
21307,Main Meri Patni Aur Woh
21313,Maine Gandhi Ko Nahin Mara
21324,Maine Pyaar Kyun Kiya?
21339,Mangal Pandey: The Rising
21360,Morning Raga
21390,Mr Ya Miss
21394,Mumbai Xpress
21406,Mumbai Godfather
21422,My Brother...Nikhil
21438,My Wife's Murder
21450,Neal 'n' Nikki
21470,Netaji Subhas Chandra Bose: The Forgotten Hero
21518,No Entry
21529,Page 3
21559,Parineeta
21596,Pyaar Mein Twist
21605,Rahul's Arranged Marriage
21608,Ramji Londonwale
21630,Revati
21637,Rog
21668,Salaam Namaste
21706,Sarkar
21733,Sehar
21747,Shabd
21760,Sheesha
21773,Ssukh
21779,Taj Mahal: An Eternal Love Story
21811,Tango Charlie
21813,Vaada
21862,Vaah! Life Ho Toh Aisi!
21877,Viruddh... Family Comes First
21906,Waqt: The Race Against Time
21921,Yahaan
21924,Zeher
21938,36 China Town
22016,Ahista Ahista
22052,Aisa Kyon Hota Hai
22057,Aksar
22089,Alag
22101,Aparichit
22142,Apna Sapna Money Money
22154,Banaras: A Mystic Love Story
22164,Bas Ek Pal
22192,Being Cyrus
22224,Bhagam Bhag
22268,Chingaari
22286,Chup Chup Ke
22313,Corporate
22339,Darna Zaroori Hai
22342,Devaki
22359,Dharti Kahe Pukar Ke
22369,Dhoom 2
22399,Don: The Chase Begins Again
22430,Dor
22478,Family  Ties of Blood
22502,Fanaa
22546,Fight Club  Members Only
22560,Gangster
22611,Golmaal: Fun Unlimited
22635,Holiday
22640,Humko Deewana Kar Gaye
22680,Iqraar By Chance
22688,I See You
22700,Jaan-E-Mann
22722,Jawani Diwani
22732,Jigyaasa
22737,Kabul Express
22764,Kabhi Alvida Naa Kehna
22813,Khosla Ka Ghosla
22846,Krrish
22885,Lage Raho Munna Bhai
22912,Love Ke Chakkar Mein
22924,Malamaal Weekly
22949,Naksha
22968,Omkara
23000,Phir Hera Pheri
23036,Pyaar Ke Side Effects
23055,Rang De Basanti
23092,Rocky  The Rebel
23116,Saawan... The Love Season
23126,Sacred Evil  A True Story
23142,Salaam Bacche
23171,Shaadi Se Pehle
23186,Shikhar
23197,Tathastu
23221,Taxi No. 9211
23252,Teesri Aankh: The Hidden Camera
23273,The Killer
23304,Tom Dick And Harry
23310,Vivah
23339,Waris Shah: Ishq Daa Waaris
23359,Aaja Nachle
23392,Aggar
23399,Anjaam
23443,Anwar
23455,Apne
23474,Awarapan
23517,Bhool Bhulaiyaa
23559,Bhram
23562,Big Brother
23571,Blood Brothers
23581,The Blue Umbrella
23610,Buddha Mar Gaya
23623,Cash
23692,Chak De India
23717,Cheeni Kum
23731,Chhodon Naa Yaar
23737,Delhii Heights
23745,Dhamaal
23811,Dharm
23819,Dhokha
23842,Dhol
23860,Dus Kahaniyaan
23861,Ek Chalis Ki Last Local
23878,Eklavya: The Royal Guard
23910,Fool n Final
23921,Gandhi My Father
23933,Gauri: The Unborn
23935,Good Boy Bad Boy
23943,Hattrick
23969,Heyy Babyy
24009,Jab We Met
24039,Jhoom Barabar Jhoom
24063,Johnny Gaddar
24080,Just Married
24116,Laaga Chunari Mein Daag
24140,Life Mein Kabhie Kabhiee
24169,Manorama Six Feet Under
24238,Marigold
24257,Mumbai Salsa
24266,My Bollywood Bride
24279,Namastey London
24295,The Namesake
24321,No Smoking
24365,Om Shanti Om
24399,Partner
24422,Raqeeb
24436,Red Swastik
24446,Risk
24484,Saawariya
24520,Shakalaka Boom Boom
24534,Shootout at Lokhandwala
24591,Ta Ra Rum Pum
24641,Taare Zameen Par
24677,Traffic Signal
24698,Welcome
24734,Yatra
24749,Rama Rama Kya Hai Drama
24755,Humne Jeena Seekh Liya
24756,Halla Bol
24766,Bombay to Bangkok
24772,Tulsi
24780,Sunday
24818,Superstar
24827,Jodhaa Akbar
24840,Black and White
24849,Race
24893,Shaurya
24904,Krazzy 4
24954,U Me Aur Hum
24988,Sirf
24998,Tashan
25028,Mr. White Mr. Black
25036,Jimmy
25044,Bhoothnath
25072,Jannat
25115,Don Muthu Swami
25116,Woodstock Villa
25138,Aamir
25165,Sarkar Raj
25188,Mere Baap Pehle Aap
25208,Summer 2007
25222,De Taali
25245,Haaledil
25247,Via Darjeeling
25252,Jaane Tu... Ya Jaane Na
25325,Love Story 2050
25346,Mission Istaanbul
25387,Money Hai Toh Honey Hai
25401,Ugly Aur Pagli
25409,Singh Is Kinng
25444,Bachna Ae Haseeno
25487,God Tussi Great Ho
25502,Phoonk
25526,Mumbai Meri Jaan
25544,Maan Gaye Mughal-e-Azam
25550,Rock On!!
25588,C Kkompany
25611,Chamku
25614,A Wednesday!
25639,Tahaan
25653,1920
25700,The Last Lear
25717,Welcome to Sajjanpur
25736,Hari Puttar: A Comedy of Terrors
25738,Kidnap
25789,Hello
25810,Karzzzz
25829,Heroes
25855,Roadside Romeo
25879,Golmaal Returns
25906,Fashion
25937,Ek Vivaah... Aisa Bhi
25944,Deshdrohi
25957,Yuvvraaj
25980,Oye Lucky! Lucky Oye!
25983,Sorry Bhai!
25991,Maharathi
26009,Meerabai Not Out
26015,Oh My God
26019,Gumnaam  The Mystery
26039,Rab Ne Bana Di Jodi
26082,Ghajini
26122,Jumbo
26154,Chandni Chowk to China
26168,Raaz  The Mystery Continues
26225,Luck by Chance
26260,Victory
26280,Chal Chala Chal
26305,Billu
26325,The Stoneman Murders
26355,Delhi-6
26401,13B
26431,Karma Aur Holi
26434,Jai Veeru
26444,Little Zizou
26455,Aloo Chaat
26467,Barah Aana
26476,Firaaq
26492,Straight
26517,Aa Dekhen Zara
26526,99
26530,Ek: The Power of One
26541,Dulha Mil Gaya
26558,Pyaar Impossible!
26588,Chance Pe Dance
26607,The Waiting Room
26610,Veer
26627,Ishqiya
26658,Rann
26672,Road to Sangam
26677,The Hangman
26684,Striker
26697,My Name Is Khan
26729,Click
26751,Karthik Calling Karthik
26781,Atithi Tum Kab Jaoge?
26886,Road Movie
26896,Thanks Maa
26903,Na Ghar Ke Na Ghaat Ke
26909,Right Yaaa Wrong
26923,Lahore
26926,Love Sex aur Dhokha
26927,Shaapit
26981,Hum Tum Aur Ghost
26999,Mittal v/s Mittal
27014,Prem Kaa Game
27018,Well Done Abba
27038,Yamla Pagla Deewana
27069,Turning 30!!!
27074,Mumbai Mast Kallander
27077,Dhobi Ghat
27118,Hostel
27163,Yeh Saali Zindagi
27187,Patiala House
27206,Angel
27225,Aashiqui.in
27253,Tanu Weds Manu
27327,Satrangee Parachute
27333,Yeh Faasley
27345,Happy Husbands
27361,Monica
27367,Players
27404,Ghost
27430,Sadda Adda
27433,Gali Gali Chor Hai
27443,Staying Alive
27447,Ek Main Aur Ekk Tu
27474,Ekk Deewana Tha
27513,?: A question mark
27517,Jodi Breakers
27553,Paan Singh Tomar
27584,Will You Marry Me?
27592,Kahaani
27620,Say Yes to Love
27622,Zindagi Tere Naam
27634,Blood Money
27662,Bumboo
27681,Dhoom 3
27729,Krrish 3
27763,Chennai Express
27803,Yeh Jawaani Hai Deewani
27845,Goliyon Ki Raasleela Ram-Leela
27866,Bhaag Milkha Bhaag
27889,Grand Masti
27919,Race 2
27968,Aashiqui 2
27998,PK
28041,Bang Bang!
28133,Singham Returns
28154,Holiday: A Soldier Is Never Off Duty
28179,Jai Ho
28212,Ek Villain
28241,Humpty Sharma Ki Dulhania
28267,International Hero
28272,Tevar
28300,Alone
28336,Crazy Cukkad Family
28351,Sharafat Gayi Tel Lene
28376,Baby
28399,Dolly Ki Doli
28410,Hawaizaada
28429,Khamoshiyan: Silences Have Secrets
28462,Shamitabh
28494,Roy
28517,Badlapur
28544,Qissa
28592,Ab Tak Chhappan 2
28619,Dum Laga Ke Haisha
28654,Badmashiyaan
28698,Coffee Bloom
28705,NH10
28739,Hunterrr
28788,Luckhnowi Ishq
28796,Dharam Sankat Mein
28825,Ek Paheli Leela
28852,Margarita with a Straw
28869,Mr. X
28905,NH-8 Road to Nidhivan
28908,Kaagaz Ke Fools
28909,Gabbar is Back
28951,Kuch Kuch Locha Hai
28985,Piku
29010,Bombay Velvet
29026,Tanu Weds Manu Returns
29067,Ishqedarriyaan
29072,Welcome 2 Karachi
29089,Dil Dhadakne Do
29127,Hamari Adhuri Kahani
29168,ABCD 2
29192,Miss Tanakpur Haazir Ho
29231,Guddu Rangeela
29241,Second Hand Husband
29246,Baahubali
29283,Bajrangi Bhaijaan
29320,Aisa Yeh Jahaan
29330,Drishyam
29366,Bangistan
29381,All Is Well
29408,Gour Hari Dastaan
29411,Phantom
29434,Welcome Back
29456,Sorry Daddy
29470,Katti Batti
29475,MSG-2:The Messenger
29498,Kis Kisko Pyaar Karoon
29524,Calendar Girls
29584,Singh Is Bliing
29618,Talvar
29646,Jazbaa
29664,Pyaar Ka Punchnama 2
29683,Shaandaar
29695,Titli
29702,Charlie Kay Chakkar Mein
29704,Yaara Silly Silly
29722,Prem Ratan Dhan Payo
29744,X
29756,Angry Indian Goddesses
29779,Tamasha
29819,Hate Story 3
29844,Bajirao Mastani
29879,Mr Joe B. Carvalho
29885,Sholay 3D
29911,Dedh Ishqiya
29945,Yaariyan
29961,Karle Pyaar Karle
29969,Strings Of Passion
29971,Hasee Toh Phasee
30002,Heartless
30015,Ya Rab
30028,Gunday
30095,Darr @ the Mall
30110,Highway
30139,Shaadi Ke Side Effects
30164,Gulaab Gang
30177,Queen
30207,Total Siyapaa
30211,Bewakoofiyaan
30248,Neighbours: They Are Vampires
30252,Ankhon Dekhi
30277,Gang of Ghosts
30282,Ragini MMS 2
30310,O Teri
30321,Youngistaan
30326,Main Tera Hero
30359,Bhoothnath Returns
30379,Dekh Tamasha Dekh
30382,Revolver Rani
30393,Samrat & Co.
30402,Purani Jeans
30422,Kya Dilli Kya Lahore
30426,Hawaa Hawaai
30443,Koyelaanchal
30449,Manjunath
30483,Mastram
30490,Yeh Hai Bakrapur
30494,The Xpose
30514,Heropanti
30559,Kochadaiiyaan
30608,City Lights
30622,Filmistaan
30630,Fugly
30664,Machhli Jal Ki Rani Hai
30694,Humshakals
30711,Bobby Jasoos
30728,Lekar Hum Deewana Dil
30740,Riyasat
30745,Amit Sahni Ki List
30748,Pizza
30788,Entertainment
30828,Mardaani
30847,Abhinay Chakra
30851,Raja Natwarlal
30864,Mary Kom
30900,Finding Fanny
30940,Daawat-E-Ishq
30960,3 A.M.
30974,Chaarfutiya Chhokare
30981,Meinu Ek Ladki Chaahiye
30992,Balwinder Singh Famous Ho Gaya
30996,Table No. 21
31013,Dehraadun Diary
31039,Matru Ki Bijlee Ka Mandola
31071,Akaash Vani
31113,Main Krishna Hoon
31120,David
31149,Vishwaroop
31184,Mai...
31190,Listen... Amaya
31194,Kai Po Che!
31229,I Me aur Main
31239,Bloody Isshq
31246,3G
31250,Mere Dad Ki Maruti
31270,Jolly LLB
31303,Chashme Baddoor
31357,Commando-A One Man Army
31390,Ek Thi Daayan
31455,Shootout at Wadala
31485,Chhota Bheem And The Throne of Bali
31544,Aurangzeb
31601,Yamla Pagla Deewana 2
31628,Fukrey
31672,Ankur Arora Murder Case
31683,Raanjhanaa
31723,Enemmy
31727,Ghanchakkar
31754,Lootera
31788,Policegiri
31818,Sixteen
31853,Boyss Toh Boyss Hain
31858,Ramaiya Vastavaiya
31878,Ship of Theseus
31892,Bajatey Raho
31907,Nasha
31956,Rabba Main Kya Karoon
31959,Calapor
31960,Love in Bombay
31964,Once Upon Ay Time In Mumbai Dobaara!
32020,Madras Cafe
32090,Satyagraha
32106,Shuddh Desi Romance
32129,John Day
32154,Phata Poster Nikla Hero
32176,The Lunchbox
32192,Maazii
32197,Prague
32201,Super Model
32211,Housefull 2
32263,Vicky Donor
32312,Tezz
32346,Jannat 2
32365,Fatso!
32374,Dangerous Ishq
32407,Ishaqzaade
32442,Department
32451,Arjun: The Warrior Prince
32482,Yeh Khula Aasmaan
32487,Rowdy Rathore
32538,Shanghai
32580,Teri Meri Kahaani
32610,Maximum
32645,Bol Bachchan
32660,Cocktail
32695,Challo Driver
32701,Mere Dost Picture Abhi Baki Hai
32718,Kyaa Super Kool Hai Hum
32733,Jism 2
32786,Gangs of Wasseypur  Part 2
32866,Ek Tha Tiger
32888,Shirin Farhad Ki Toh Nikal Padi
32900,Joker
32909,Jalpari: The Desert Mermaid
32918,From Sydney with Love
32924,Raaz 3
32953,Chal Pichchur Banate Hain
32962,Heroine
32997,Kamaal Dhamaal Malamaal
33049,English Vinglish
33074,Kismet Love Paisa Dilli
33080,Aiyyaa
33093,Chittagong (film)
33142,Bhoot Returns
33162,Student Of The Year
33203,Delhi Safari
33239,Ajab Gazabb Love
33242,Rush
33248,Luv Shuv Tey Chicken Khurana
33260,Jab Tak Hai Jaan
33295,Son Of Sardaar
33307,Talaash
33354,Khiladi 786
33385,Cigarette Ki Tarah
33388,Dabangg 2
33408,Game
33446,F.A.L.T.U
33459,Memories in March
33465,Thank You
33527,Teen Thay Bhai
33544,Dum Maaro Dum
33589,Zokkomon
33591,Shor in the City
33603,Chalo Dilli
33609,I Am
33623,Naughty @ 40
33637,Luv Ka The End
33655,Haunted  3D
33691,Love U...Mr. Kalakaar!
33700,Ragini MMS
33732,Shagird
33779,Stanley Ka Dabba
33822,404
33827,Pyar ka Punchnama
33846,Kucch Luv Jaisaa
33856,Ready
33890,Shaitan
33927,Bheja Fry 2
33942,Always Kabhi Kabhi
33972,Bin Bulaye Baraati
33979,Double Dhamaal
33995,Bbuddah... Hoga Terra Baap
34015,Delhi Belly
34056,Murder 2
34085,Chillar Party
34120,Zindagi Na Milegi Dobara
34161,Singham
34196,Khap
34207,Gandhi to Hitler
34209,Bubble Gum
34226,Chala Mussaddi... Office Office
34235,Aarakshan
34275,Chatur Singh Two Star
34277,Sahi Dhandhe Galat Bande
34280,Shabri
34291,Yeh Dooriyan
34294,Bodyguard
34320,That Girl in Yellow Boots
34330,Mere Brother Ki Dulhan
34345,Speedy Singhs
34370,Hum Tum Shabana
34373,Tere Mere Phere
34376,Rascals
34403,Love Breakups Zindagi
34412,Mujhse Fraaandship Karoge
34438,My Friend Pinto
34481,Aazaan
34499,Ra.One
34531,Tell Me O Kkhuda
34543,Damadamm!
34558,Loot
34565,Miley Naa Miley Hum
34570,Rockstar
34611,Desi Boyz
34643,The Dirty Picture
34677,Ladies vs Ricky Bahl
34707,Jo Hum Chahein
